Title,Tier,Source,Layout,Link
Basic Image Slider,Free,Image,Default,https://smartslider3.com/image-slider/
Gradient Overlay Slider,Free,Image,Default,https://smartslider3.com/gradient-slider/
Full Width Hero,Free,Image,Default,https://smartslider3.com/free-full-width/
Static Single Slide,Free,Image,Default,https://smartslider3.com/free-static/
Thumbnail Navigation Slider,Free,Image,Thumbnails,https://smartslider3.com/free-thumbnail-slider/
Autoplaying Thumbnail Slider,Free,Image,Thumbnails,https://smartslider3.com/autoplaying-thumbnail-slider/
Lightbox Caption Gallery,Free,Image,Grid,https://smartslider3.com/free-caption-slider/
Layer Slider,Free,Gutenberg Blocks,Default,https://smartslider3.com/free-layer-slider/
Feature Highlight Slider,Free,Gutenberg Blocks,Default,https://smartslider3.com/feature-slider/
Security / SaaS Hero Block,Free,Gutenberg Blocks,Default,https://smartslider3.com/free-security-block/
Travel Hero Block,Free,Gutenberg Blocks,Default,https://smartslider3.com/free-traveler-block/
Marketplace Promo Block,Free,Gutenberg Blocks,Default,https://smartslider3.com/free-marketplace/
Yoga / Wellness Studio,Free,Gutenberg Blocks,Default,https://smartslider3.com/yoga-hero-block/
Full Width Post Slider,Free,Post Types,Default,https://smartslider3.com/full-width-post-slider/
YouTube Video Slider,Free,Video,Thumbnails,https://smartslider3.com/free-youtube-slider/
Course / Tutorial Video Grid,Free,Video,Grid,https://smartslider3.com/masterclass/
Bakery / Cafe Hero,Pro,Gutenberg Blocks,Default,https://smartslider3.com/bakery-page/
Barber Shop,Pro,Gutenberg Blocks,Default,https://smartslider3.com/barber/
Gym / Fitness Hero,Pro,Gutenberg Blocks,Default,https://smartslider3.com/gym-slider/
Law Firm / Consultant,Pro,Gutenberg Blocks,Default,https://smartslider3.com/lawyer-slider/
Dental / Clinic,Pro,Gutenberg Blocks,Default,https://smartslider3.com/mental-health/
Construction / Renovation,Pro,Gutenberg Blocks,Default,https://smartslider3.com/renovation/
Travel Agency,Pro,Gutenberg Blocks,Default,https://depicter.com/template/travel-agency/804/
Event / Conference,Pro,Gutenberg Blocks,Default,https://smartslider3.com/conference-group/
Interior Design Studio,Pro,Gutenberg Blocks,Default,https://smartslider3.com/interior-showcase/
Hotel / Resort Showcase,Pro,Image,Default,https://smartslider3.com/favorite-resort/
Art Gallery / Museum,Pro,Image,Grid,https://smartslider3.com/digital-art/
Car Dealership Gallery,Pro,Image,Thumbnails,https://smartslider3.com/car-rental/
Client Logo Carousel,Pro,Image,Carousel,https://smartslider3.com/infinite-logo-carousel/
Before/After Renovation,Pro,Image,Carousel,https://smartslider3.com/photo-compare/
Blog Magazine Grid,Pro,Post Types,Grid,https://smartslider3.com/wordpress-magazine-slider/
News Portal Slider,Pro,Post Types,Default,https://smartslider3.com/blogger-template/
Recipe Blog Grid,Pro,Post Types,Grid,https://smartslider3.com/wordpress-magazine-slider/
Team Members Grid,Pro,Post Types,Grid,https://smartslider3.com/client-stories/
Case Study Showcase,Pro,Post Types,Carousel,https://smartslider3.com/portfolio-categories/
Course / Class Listing,Pro,Post Types,Grid,https://smartslider3.com/courses/
New Arrivals Grid,Pro,WooCommerce,Grid,https://smartslider3.com/full-width-product-carousel/
Flash Sale Slider,Pro,WooCommerce,Default,https://smartslider3.com/black-friday-slider/
Fashion Store Lookbook,Pro,WooCommerce,Thumbnails,https://smartslider3.com/winter-fashion/
Electronics Product Grid,Pro,WooCommerce,Grid,https://smartslider3.com/boxed-product-carousel/
Single Product Gallery,Pro,WooCommerce,Thumbnails,https://smartslider3.com/product-carousel/
Video Testimonial Carousel,Pro,Video,Carousel,https://smartslider3.com/testimonial-carousel/
Product Demo Video,Pro,Video,Default,https://smartslider3.com/video-showcase/
