Plugin	Title	Tier	Source	Layout	Link
Smart Slider 3	Basic Image Slider	Free	Image	Default	https://smartslider3.com/image-slider/
Smart Slider 3	Gradient Overlay Slider	Free	Image	Default	https://smartslider3.com/gradient-slider/
Smart Slider 3	Full Width Hero	Free	Image	Default	https://smartslider3.com/free-full-width/
Smart Slider 3	Static Single Slide	Free	Image	Default	https://smartslider3.com/free-static/
Smart Slider 3	Thumbnail Navigation Slider	Free	Image	Thumbnails	https://smartslider3.com/free-thumbnail-slider/
Smart Slider 3	Autoplaying Thumbnail Slider	Free	Image	Thumbnails	https://smartslider3.com/autoplaying-thumbnail-slider/
Smart Slider 3	Lightbox Caption Gallery	Free	Image	Grid	https://smartslider3.com/free-caption-slider/
Smart Slider 3	Layer Slider	Free	Gutenberg Blocks	Default	https://smartslider3.com/free-layer-slider/
Smart Slider 3	Feature Highlight Slider	Free	Gutenberg Blocks	Default	https://smartslider3.com/feature-slider/
Smart Slider 3	Security / SaaS Hero Block	Free	Gutenberg Blocks	Default	https://smartslider3.com/free-security-block/
Smart Slider 3	Travel Hero Block	Free	Gutenberg Blocks	Default	https://smartslider3.com/free-traveler-block/
Smart Slider 3	Marketplace Promo Block	Free	Gutenberg Blocks	Default	https://smartslider3.com/free-marketplace/
Smart Slider 3	Yoga / Wellness Studio	Free	Gutenberg Blocks	Default	https://smartslider3.com/yoga-hero-block/
Smart Slider 3	Full Width Post Slider	Free	Post Types	Default	https://smartslider3.com/full-width-post-slider/
Smart Slider 3	YouTube Video Slider	Free	Video	Thumbnails	https://smartslider3.com/free-youtube-slider/
Smart Slider 3	Course / Tutorial Video Grid	Free	Video	Grid	https://smartslider3.com/masterclass/
Smart Slider 3	Bakery / Cafe Hero	Pro	Gutenberg Blocks	Default	https://smartslider3.com/bakery-page/
Smart Slider 3	Barber Shop	Pro	Gutenberg Blocks	Default	https://smartslider3.com/barber/
Smart Slider 3	Gym / Fitness Hero	Pro	Gutenberg Blocks	Default	https://smartslider3.com/gym-slider/
Smart Slider 3	Law Firm / Consultant	Pro	Gutenberg Blocks	Default	https://smartslider3.com/lawyer-slider/
Smart Slider 3	Dental / Clinic	Pro	Gutenberg Blocks	Default	https://smartslider3.com/mental-health/
Smart Slider 3	Construction / Renovation	Pro	Gutenberg Blocks	Default	https://smartslider3.com/renovation/
Smart Slider 3	Event / Conference	Pro	Gutenberg Blocks	Default	https://smartslider3.com/conference-group/
Smart Slider 3	Interior Design Studio	Pro	Gutenberg Blocks	Default	https://smartslider3.com/interior-showcase/
Smart Slider 3	Hotel / Resort Showcase	Pro	Image	Default	https://smartslider3.com/favorite-resort/
Smart Slider 3	Art Gallery / Museum	Pro	Image	Grid	https://smartslider3.com/digital-art/
Smart Slider 3	Car Dealership Gallery	Pro	Image	Thumbnails	https://smartslider3.com/car-rental/
Smart Slider 3	Client Logo Carousel	Pro	Image	Carousel	https://smartslider3.com/infinite-logo-carousel/
Smart Slider 3	Before/After Renovation	Pro	Image	Carousel	https://smartslider3.com/photo-compare/
Smart Slider 3	Blog Magazine Grid	Pro	Post Types	Grid	https://smartslider3.com/wordpress-magazine-slider/
Smart Slider 3	News Portal Slider	Pro	Post Types	Default	https://smartslider3.com/blogger-template/
Smart Slider 3	Recipe Blog Grid	Pro	Post Types	Grid	https://smartslider3.com/wordpress-magazine-slider/
Smart Slider 3	Team Members Grid	Pro	Post Types	Grid	https://smartslider3.com/client-stories/
Smart Slider 3	Case Study Showcase	Pro	Post Types	Carousel	https://smartslider3.com/portfolio-categories/
Smart Slider 3	Course / Class Listing	Pro	Post Types	Grid	https://smartslider3.com/courses/
Smart Slider 3	New Arrivals Grid	Pro	WooCommerce	Grid	https://smartslider3.com/full-width-product-carousel/
Smart Slider 3	Flash Sale Slider	Pro	WooCommerce	Default	https://smartslider3.com/black-friday-slider/
Smart Slider 3	Fashion Store Lookbook	Pro	WooCommerce	Thumbnails	https://smartslider3.com/winter-fashion/
Smart Slider 3	Electronics Product Grid	Pro	WooCommerce	Grid	https://smartslider3.com/boxed-product-carousel/
Smart Slider 3	Single Product Gallery	Pro	WooCommerce	Thumbnails	https://smartslider3.com/product-carousel/
Smart Slider 3	Video Testimonial Carousel	Pro	Video	Carousel	https://smartslider3.com/testimonial-carousel/
Smart Slider 3	Product Demo Video	Pro	Video	Default	https://smartslider3.com/video-showcase/
Depicter	Adventure Blog	Free	Post Types	Grid	https://depicter.com/template/adventure-blog/1274/
Depicter	Adventurer	Free	Video	Default	https://depicter.com/template/adventurer/990/
Depicter	Adventures Vimeo	Free	Video	Default	https://depicter.com/template/adventures-vimeo/3415/
Depicter	Agency Testimonials	Free	Gutenberg Blocks	Carousel	https://depicter.com/template/agency-testimonials/8764/
Depicter	AI Static 2	Free	Gutenberg Blocks	Default	https://depicter.com/template/ai-static-2/3586/
Depicter	Alphabet Agency	Free	Gutenberg Blocks	Default	https://depicter.com/template/alphabet-agency/191/
Depicter	Analytics	Free	Gutenberg Blocks	Default	https://depicter.com/template/analytics/232/
Depicter	App Demo	Free	Gutenberg Blocks	Default	https://depicter.com/template/app-demo/8891/
Depicter	Architecture Group	Free	Gutenberg Blocks	Default	https://depicter.com/template/architecture-group/1521/
Depicter	Art Gallery	Free	Image	Grid	https://depicter.com/template/art-gallery/1625/
Depicter	Artist Portfolio (1528)	Free	Video	Default	https://depicter.com/template/artist-portfolio/1528/
Depicter	Artist Portfolio (1268)	Free	Image	Grid	https://depicter.com/template/artist-portfolio/1268/
Depicter	Banking	Free	Gutenberg Blocks	Default	https://depicter.com/template/banking/747/
Depicter	Beauty Blog	Free	Post Types	Grid	https://depicter.com/template/beauty-blog/1296/
Depicter	Better Web	Free	Gutenberg Blocks	Default	https://depicter.com/template/better-web/3778/
Depicter	Blue Agency	Free	Gutenberg Blocks	Default	https://depicter.com/template/blue-agency/259/
Depicter	Blue Business	Free	Gutenberg Blocks	Default	https://depicter.com/template/blue-business/3556/
Depicter	Brand Agency	Free	Gutenberg Blocks	Default	https://depicter.com/template/brand-agency/174/
Depicter	Business Agency 2	Free	Gutenberg Blocks	Default	https://depicter.com/template/business-agency-2/896/
Depicter	Business Leaders	Free	Gutenberg Blocks	Default	https://depicter.com/template/business-leaders/6646/
Depicter	Business Strategy	Free	Gutenberg Blocks	Default	https://depicter.com/template/business-strategy/289/
Depicter	Business Vision	Free	Gutenberg Blocks	Default	https://depicter.com/template/business-vision/8761/
Depicter	Charity	Free	Gutenberg Blocks	Default	https://depicter.com/template/charity/177/
Depicter	Christmas	Free	Gutenberg Blocks	Default	https://depicter.com/template/christmas/2732/
Depicter	Christmas Shop	Free	Gutenberg Blocks	Default	https://depicter.com/template/christmas-shop/2740/
Depicter	Classic Interior	Free	Gutenberg Blocks	Default	https://depicter.com/template/classic-interior/745/
Depicter	Clean Decoration	Free	Gutenberg Blocks	Default	https://depicter.com/template/clean-decoration/325/
Depicter	Cloth Shop 2	Free	Gutenberg Blocks	Default	https://depicter.com/template/cloth-shop-2/345/
Depicter	Construction	Free	Gutenberg Blocks	Default	https://depicter.com/template/construction/313/
Depicter	Construction Blog	Free	Post Types	Grid	https://depicter.com/template/construction-blog/3969/
Depicter	Construction Co	Free	Gutenberg Blocks	Default	https://depicter.com/template/construction-co/8768/
Depicter	Consulting	Free	Gutenberg Blocks	Default	https://depicter.com/template/consulting/741/
Depicter	Corporate	Free	Gutenberg Blocks	Default	https://depicter.com/template/corporate/742/
Depicter	Corporate Agency	Free	Gutenberg Blocks	Default	https://depicter.com/template/corporate-agency/176/
Depicter	Corporate Agent	Free	Gutenberg Blocks	Default	https://depicter.com/template/corporate-agent/5136/
Depicter	Corporate Solutions	Free	Gutenberg Blocks	Default	https://depicter.com/template/corporate-solutions/3773/
Depicter	Creative Agency	Free	Gutenberg Blocks	Default	https://depicter.com/template/creative-agency/175/
Depicter	Culture Blog	Free	Post Types	Grid	https://depicter.com/template/culture-blog/1292/
Depicter	Dark Agency	Free	Gutenberg Blocks	Default	https://depicter.com/template/dark-agency/8918/
Depicter	Dark Fashion Shop	Free	Gutenberg Blocks	Default	https://depicter.com/template/dark-fashion-shop/332/
Depicter	Decor Shop (Static)	Free	Gutenberg Blocks	Default	https://depicter.com/template/decor-shop-static/3283/
Depicter	Dentist	Free	Gutenberg Blocks	Default	https://depicter.com/template/dentist/1614/
Depicter	Design Agency	Free	Gutenberg Blocks	Default	https://depicter.com/template/design-agency/35/
Depicter	Design Studio	Free	Gutenberg Blocks	Default	https://depicter.com/template/design-studio/8817/
Depicter	Digital Blog	Free	Post Types	Grid	https://depicter.com/template/digital-blog/1300/
Depicter	Digital Marketing	Free	Gutenberg Blocks	Default	https://depicter.com/template/digital-marketing/878/
Depicter	Digital Marketing Agency	Free	Gutenberg Blocks	Default	https://depicter.com/template/digital-marketing-agency/8841/
Depicter	Doctor	Free	Gutenberg Blocks	Default	https://depicter.com/template/doctor/4742/
Depicter	East Agency - RTL	Free	Gutenberg Blocks	Default	https://depicter.com/template/east-agency-rtl/1667/
Depicter	Fashion	Free	Gutenberg Blocks	Default	https://depicter.com/template/fashion/1599/
Depicter	Fashion Blog	Free	Post Types	Grid	https://depicter.com/template/fashion-blog/3352/
Depicter	Fit App	Free	Gutenberg Blocks	Default	https://depicter.com/template/fit-app/886/
Depicter	Fit Club	Free	Gutenberg Blocks	Default	https://depicter.com/template/fit-club/712/
Depicter	Fitness	Free	Gutenberg Blocks	Default	https://depicter.com/template/fitness/887/
Depicter	Freelancer Hire	Free	Gutenberg Blocks	Default	https://depicter.com/template/freelancer-hire/8900/
Depicter	Furniture Store	Free	Gutenberg Blocks	Default	https://depicter.com/template/furniture-store/883/
Depicter	Future Agency	Free	Gutenberg Blocks	Default	https://depicter.com/template/future-agency/3568/
Depicter	Gadgets Shop	Free	Gutenberg Blocks	Default	https://depicter.com/template/gadgets-shop/768/
Depicter	Game News	Free	Post Types	Grid	https://depicter.com/template/game-news/4478/
Depicter	Green Business	Free	Gutenberg Blocks	Default	https://depicter.com/template/green-business/1102/
Depicter	Green Photography	Free	Image	Grid	https://depicter.com/template/green-photography/1325/
Depicter	Grow Business	Free	Gutenberg Blocks	Carousel	https://depicter.com/template/grow-business/875/
Depicter	Guitarist	Free	Gutenberg Blocks	Default	https://depicter.com/template/guitarist/4409/
Depicter	Headphone Shop	Free	Gutenberg Blocks	Default	https://depicter.com/template/headphone-shop/1524/
Depicter	Home design	Free	Gutenberg Blocks	Default	https://depicter.com/template/home-design/897/
Depicter	Ice Cream	Free	Gutenberg Blocks	Default	https://depicter.com/template/ice-cream/3971/
Depicter	Innovative Web Design	Free	Gutenberg Blocks	Default	https://depicter.com/template/innovative-web-design/3797/
Depicter	Interior Design	Free	Gutenberg Blocks	Default	https://depicter.com/template/interior-design/746/
Depicter	Jewelry Video	Free	Video	Default	https://depicter.com/template/jewelry-video/3358/
Depicter	Ladies Perfume Shop	Free	Gutenberg Blocks	Default	https://depicter.com/template/ladies-perfume-shop/4405/
Depicter	Lawyer	Free	Gutenberg Blocks	Default	https://depicter.com/template/lawyer/306/
Depicter	Marketing Agency	Free	Gutenberg Blocks	Default	https://depicter.com/template/marketing-agency/241/
Depicter	Medical Blog	Free	Post Types	Grid	https://depicter.com/template/medical-blog/4416/
Depicter	Minimal Decoration	Free	Gutenberg Blocks	Default	https://depicter.com/template/minimal-decoration/1705/
Depicter	Mobile App - RTL	Free	Gutenberg Blocks	Default	https://depicter.com/template/mobile-app-rtl/1708/
Depicter	Modern Architecture	Free	Gutenberg Blocks	Default	https://depicter.com/template/modern-architecture/246/
Depicter	Modern Business	Free	Gutenberg Blocks	Default	https://depicter.com/template/modern-business/122/
Depicter	Modern Home Decoration	Free	Gutenberg Blocks	Default	https://depicter.com/template/modern-home-decoration/898/
Depicter	Modern Startup Agency	Free	Gutenberg Blocks	Default	https://depicter.com/template/modern-startup-agency/3765/
Depicter	Online Education	Free	Gutenberg Blocks	Default	https://depicter.com/template/online-education/8860/
Depicter	Perfume Shop	Free	Video	Default	https://depicter.com/template/perfume-shop/1534/
Depicter	Pet Shop	Free	Video	Default	https://depicter.com/template/pet-shop/3745/
Depicter	Plants Shop (Static)	Free	WooCommerce	Carousel	https://depicter.com/template/plants-shop-static/3330/
Depicter	Real Estate Vimeo	Free	Video	Default	https://depicter.com/template/real-estate-vimeo/4488/
Depicter	Red Business Agency	Free	Gutenberg Blocks	Default	https://depicter.com/template/red-business-agency/1089/
Depicter	Restaurant	Free	Gutenberg Blocks	Default	https://depicter.com/template/restaurant/1107/
Depicter	School	Free	Gutenberg Blocks	Default	https://depicter.com/template/school/984/
Depicter	Seafood Restaurant	Free	Gutenberg Blocks	Default	https://depicter.com/template/seafood-restaurant/125/
Depicter	Selfcare Blog	Free	Post Types	Grid	https://depicter.com/template/selfcare-blog/3294/
Depicter	Shoe Shop	Free	Gutenberg Blocks	Default	https://depicter.com/template/shoe-shop/1518/
Depicter	Startup Ideas	Free	Gutenberg Blocks	Default	https://depicter.com/template/startup-ideas/3784/
Depicter	Startup Investor	Free	Gutenberg Blocks	Default	https://depicter.com/template/startup-investor/3790/
Depicter	Suit Shop	Free	Gutenberg Blocks	Default	https://depicter.com/template/suit-shop/209/
Depicter	Sunglasses Shop	Free	Video	Default	https://depicter.com/template/sunglasses-shop/1611/
Depicter	Teamwork Blog	Free	Post Types	Grid	https://depicter.com/template/teamwork-blog/1548/
Depicter	Tech Mag	Free	Gutenberg Blocks	Default	https://depicter.com/template/tech-mag/4257/
Depicter	Technology Blog	Free	Post Types	Grid	https://depicter.com/template/technology-blog/1303/
Depicter	Training Blog	Free	Post Types	Grid	https://depicter.com/template/training-blog/1309/
Depicter	Travel Agency	Free	Gutenberg Blocks	Default	https://depicter.com/template/travel-agency/804/
Depicter	Travel Journey	Free	Gutenberg Blocks	Default	https://depicter.com/template/travel-journey/1544/
Depicter	Travelers	Free	Gutenberg Blocks	Default	https://depicter.com/template/travelers/713/
Depicter	Trend Business	Free	Gutenberg Blocks	Default	https://depicter.com/template/trend-business/710/
Depicter	Web Agency (823)	Free	Gutenberg Blocks	Default	https://depicter.com/template/web-agency/823/
Depicter	Web Agency (168)	Free	Gutenberg Blocks	Default	https://depicter.com/template/web-agency/168/
Depicter	Web Agency 2	Free	Gutenberg Blocks	Default	https://depicter.com/template/web-agency-2/711/
Depicter	Wedding	Free	Gutenberg Blocks	Default	https://depicter.com/template/wedding/714/
Depicter	Adventure	Pro	Gutenberg Blocks	Default	https://depicter.com/template/adventure/6018/
Depicter	Agency Light	Pro	Gutenberg Blocks	Default	https://depicter.com/template/agency-light/3557/
Depicter	Animative Journey	Pro	Video	Default	https://depicter.com/template/animative-journey/4252/
Depicter	Aquarium	Pro	Social Feed	Grid	https://depicter.com/template/aquarium/1537/
Depicter	Architect Agency	Pro	Gutenberg Blocks	Default	https://depicter.com/template/architect-agency/5240/
Depicter	Art Blog	Pro	Post Types	Grid	https://depicter.com/template/art-blog/4303/
Depicter	Autumn Shop	Pro	Gutenberg Blocks	Default	https://depicter.com/template/autumn-shop/6068/
Depicter	Bartender	Pro	Gutenberg Blocks	Default	https://depicter.com/template/bartender/6710/
Depicter	Beauty Parallax	Pro	Gutenberg Blocks	Default	https://depicter.com/template/beauty-parallax/2929/
Depicter	Blue Office	Pro	Gutenberg Blocks	Default	https://depicter.com/template/blue-office/2402/
Depicter	Boutique	Pro	Post Types	Grid	https://depicter.com/template/boutique/2899/
Depicter	Branding	Pro	Gutenberg Blocks	Default	https://depicter.com/template/branding/2173/
Depicter	Business Analyzer	Pro	Gutenberg Blocks	Default	https://depicter.com/template/business-analyzer/2482/
Depicter	Business Coaching	Pro	Gutenberg Blocks	Default	https://depicter.com/template/business-coaching/2395/
Depicter	Business Growth	Pro	Gutenberg Blocks	Default	https://depicter.com/template/business-growth/3735/
Depicter	Business Hero	Pro	Gutenberg Blocks	Default	https://depicter.com/template/business-hero/3362/
Depicter	Business Planing	Pro	Gutenberg Blocks	Default	https://depicter.com/template/business-planing/2176/
Depicter	Business Services	Pro	Video	Default	https://depicter.com/template/business-services/8925/
Depicter	Camping	Pro	Social Feed	Grid	https://depicter.com/template/camping/3302/
Depicter	Car Rental Agency	Pro	Gutenberg Blocks	Default	https://depicter.com/template/car-rental-agency/5246/
Depicter	Car Repair	Pro	Gutenberg Blocks	Default	https://depicter.com/template/car-repair/5228/
Depicter	Classic Architecture	Pro	Social Feed	Grid	https://depicter.com/template/classic-architecture/6090/
Depicter	Clean Testimonial	Pro	Gutenberg Blocks	Carousel	https://depicter.com/template/clean-testimonial/2925/
Depicter	Clothes Shop	Pro	Gutenberg Blocks	Default	https://depicter.com/template/clothes-shop/776/
Depicter	Code to Design	Pro	Gutenberg Blocks	Default	https://depicter.com/template/code-to-design/6968/
Depicter	Coffee	Pro	Gutenberg Blocks	Default	https://depicter.com/template/coffee/5234/
Depicter	Coffee Shop	Pro	Gutenberg Blocks	Default	https://depicter.com/template/coffee-shop/4262/
Depicter	Collection Showcase Hero	Pro	Gutenberg Blocks	Carousel	https://depicter.com/template/collection-showcase-hero/11281/
Depicter	Colored Agency	Pro	Gutenberg Blocks	Default	https://depicter.com/template/colored-agency/3042/
Depicter	Complexion Care	Pro	Gutenberg Blocks	Default	https://depicter.com/template/complexion-care/4743/
Depicter	Confectionery	Pro	Gutenberg Blocks	Default	https://depicter.com/template/confectionery/8784/
Depicter	Confectionery Shop	Pro	WooCommerce	Carousel	https://depicter.com/template/confectionery-shop/3322/
Depicter	Construction	Pro	Gutenberg Blocks	Default	https://depicter.com/template/construction/9816/
Depicter	Construction Co	Pro	Gutenberg Blocks	Default	https://depicter.com/template/construction-co/9799/
Depicter	Consulting Agency	Pro	Gutenberg Blocks	Default	https://depicter.com/template/consulting-agency/2171/
Depicter	Consulting Video	Pro	Video	Default	https://depicter.com/template/consulting-video/3363/
Depicter	Corporate Blog	Pro	Post Types	Grid	https://depicter.com/template/corporate-blog/2399/
Depicter	Cosmetic	Pro	Gutenberg Blocks	Default	https://depicter.com/template/cosmetic/2347/
Depicter	Cosmetic Shop (3321)	Pro	WooCommerce	Carousel	https://depicter.com/template/cosmetic-shop/3321/
Depicter	Cosmetic Shop (3145)	Pro	WooCommerce	Carousel	https://depicter.com/template/cosmetic-shop/3145/
Depicter	Cosmetic Shop (Static)	Pro	Gutenberg Blocks	Default	https://depicter.com/template/cosmetic-shop-static/3332/
Depicter	Creative Business	Pro	Gutenberg Blocks	Default	https://depicter.com/template/creative-business/2168/
Depicter	Creative Ideas	Pro	Gutenberg Blocks	Default	https://depicter.com/template/creative-ideas/4285/
Depicter	Creative Team	Pro	Gutenberg Blocks	Default	https://depicter.com/template/creative-team/2191/
Depicter	Creative Web	Pro	Gutenberg Blocks	Default	https://depicter.com/template/creative-web/3558/
Depicter	Cruise Ship	Pro	Video	Default	https://depicter.com/template/cruise-ship/3394/
Depicter	Crypto	Pro	Gutenberg Blocks	Default	https://depicter.com/template/crypto/5033/
Depicter	Customer Communication	Pro	Gutenberg Blocks	Default	https://depicter.com/template/customer-communication/2352/
Depicter	Customers Testimonial	Pro	Gutenberg Blocks	Carousel	https://depicter.com/template/customers-testimonial/3019/
Depicter	Cycling	Pro	Gutenberg Blocks	Default	https://depicter.com/template/cycling/6130/
Depicter	Daily Magazine	Pro	Post Types	Grid	https://depicter.com/template/daily-magazine/4741/
Depicter	Dark Consulting	Pro	Gutenberg Blocks	Default	https://depicter.com/template/dark-consulting/6080/
Depicter	Dark Financial	Pro	Gutenberg Blocks	Default	https://depicter.com/template/dark-financial/2539/
Depicter	Dark Real Estate	Pro	Gutenberg Blocks	Default	https://depicter.com/template/dark-real-estate/2350/
Depicter	Decor Shop	Pro	WooCommerce	Carousel	https://depicter.com/template/decor-shop/3006/
Depicter	Decoration	Pro	Gutenberg Blocks	Default	https://depicter.com/template/decoration/2400/
Depicter	Decoration Animative	Pro	Video	Default	https://depicter.com/template/decoration-animative/9752/
Depicter	Decorative Shop	Pro	WooCommerce	Carousel	https://depicter.com/template/decorative-shop/5027/
Depicter	Delivery Co	Pro	Video	Default	https://depicter.com/template/delivery-co/8856/
Depicter	Dental Care	Pro	Gutenberg Blocks	Default	https://depicter.com/template/dental-care/6974/
Depicter	Dental Lab	Pro	Gutenberg Blocks	Default	https://depicter.com/template/dental-lab/6980/
Depicter	Design Process	Pro	Gutenberg Blocks	Default	https://depicter.com/template/design-process/6100/
Depicter	Digital Ads Agency	Pro	Gutenberg Blocks	Default	https://depicter.com/template/digital-ads-agency/6597/
Depicter	Digital Agency	Pro	Gutenberg Blocks	Default	https://depicter.com/template/digital-agency/2472/
Depicter	Digital Education	Pro	Social Feed	Grid	https://depicter.com/template/digital-education/3754/
Depicter	Digital Marketing Agency	Pro	Gutenberg Blocks	Default	https://depicter.com/template/digital-marketing-agency/9802/
Depicter	Digital Product	Pro	Gutenberg Blocks	Default	https://depicter.com/template/digital-product/3585/
Depicter	Dine Burger	Pro	Gutenberg Blocks	Default	https://depicter.com/template/dine-burger/3748/
Depicter	Dress Sale	Pro	Gutenberg Blocks	Default	https://depicter.com/template/dress-sale/6027/
Depicter	Dresses Shop	Pro	Gutenberg Blocks	Default	https://depicter.com/template/dresses-shop/2184/
Depicter	Education	Pro	Gutenberg Blocks	Default	https://depicter.com/template/education/1576/
Depicter	Education Video	Pro	Video	Default	https://depicter.com/template/education-video/3548/
Depicter	Fashion Animative	Pro	Gutenberg Blocks	Default	https://depicter.com/template/fashion-animative/9719/
Depicter	Fashion Blog	Pro	Post Types	Grid	https://depicter.com/template/fashion-blog/2469/
Depicter	Fashion Collection	Pro	Gutenberg Blocks	Carousel	https://depicter.com/template/fashion-collection/2192/
Depicter	Fashion Gallery	Pro	Image	Grid	https://depicter.com/template/fashion-gallery/5249/
Depicter	Fashion Magazine	Pro	Post Types	Grid	https://depicter.com/template/fashion-magazine/2178/
Depicter	Fashion Model	Pro	Gutenberg Blocks	Default	https://depicter.com/template/fashion-model/6079/
Depicter	Fashion Parallax Slider	Pro	Gutenberg Blocks	Default	https://depicter.com/template/fashion-parallax-slider/3547/
Depicter	Fashion Photography	Pro	Image	Grid	https://depicter.com/template/fashion-photography/6077/
Depicter	Fashion Shop	Pro	Gutenberg Blocks	Default	https://depicter.com/template/fashion-shop/744/
Depicter	Fashion Style	Pro	Gutenberg Blocks	Default	https://depicter.com/template/fashion-style/2175/
Depicter	Fashion Trends (3965)	Pro	Gutenberg Blocks	Default	https://depicter.com/template/fashion-trends/3965/
Depicter	Fashion Trends (6031)	Pro	Gutenberg Blocks	Carousel	https://depicter.com/template/fashion-trends/6031/
Depicter	Fashion Video	Pro	Video	Default	https://depicter.com/template/fashion-video/5057/
Depicter	Fashion YouTube	Pro	Social Feed	Grid	https://depicter.com/template/fashion-youtube/4739/
Depicter	Fashion Youtuber	Pro	Social Feed	Grid	https://depicter.com/template/fashion-youtuber/3421/
Depicter	Fashionista	Pro	Gutenberg Blocks	Default	https://depicter.com/template/fashionista/5261/
Depicter	Financial Adviser	Pro	Gutenberg Blocks	Default	https://depicter.com/template/financial-adviser/6614/
Depicter	Flower Shop	Pro	Gutenberg Blocks	Default	https://depicter.com/template/flower-shop/4245/
Depicter	Food Blog	Pro	Post Types	Grid	https://depicter.com/template/food-blog/6069/
Depicter	Food Order	Pro	Gutenberg Blocks	Default	https://depicter.com/template/food-order/4991/
Depicter	Food Truck	Pro	Gutenberg Blocks	Default	https://depicter.com/template/food-truck/5243/
Depicter	Fullscreen Halloween Hero	Pro	Gutenberg Blocks	Default	https://depicter.com/template/fullscreen-halloween-hero/10148/
Depicter	Furniture Animative	Pro	Gutenberg Blocks	Default	https://depicter.com/template/furniture-animative/10937/
Depicter	Furniture Shop	Pro	Gutenberg Blocks	Default	https://depicter.com/template/furniture-shop/3360/
Depicter	Future Construction	Pro	Video	Default	https://depicter.com/template/future-construction/5042/
Depicter	Future Investment	Pro	Gutenberg Blocks	Default	https://depicter.com/template/future-investment/3970/
Depicter	Gamer Video	Pro	Social Feed	Grid	https://depicter.com/template/gamer-video/5054/
Depicter	Gardener	Pro	Gutenberg Blocks	Default	https://depicter.com/template/gardener/4495/
Depicter	Go Adventure	Pro	Gutenberg Blocks	Default	https://depicter.com/template/go-adventure/4213/
Depicter	Gold Gallery	Pro	Image	Grid	https://depicter.com/template/gold-gallery/3713/
Depicter	Good Consulting	Pro	Gutenberg Blocks	Default	https://depicter.com/template/good-consulting/2401/
Depicter	Green Agency	Pro	Gutenberg Blocks	Default	https://depicter.com/template/green-agency/3566/
Depicter	Green Shop	Pro	Gutenberg Blocks	Default	https://depicter.com/template/green-shop/709/
Depicter	Grocery Shop	Pro	Gutenberg Blocks	Default	https://depicter.com/template/grocery-shop/2415/
Depicter	Grow Tech	Pro	Gutenberg Blocks	Default	https://depicter.com/template/grow-tech/2263/
Depicter	Gym Blog	Pro	Post Types	Grid	https://depicter.com/template/gym-blog/2417/
Depicter	Gym Group	Pro	Gutenberg Blocks	Default	https://depicter.com/template/gym-group/6581/
Depicter	Gym Video (4269)	Pro	Social Feed	Grid	https://depicter.com/template/gym-video/4269/
Depicter	Gym Video (3348)	Pro	Video	Default	https://depicter.com/template/gym-video/3348/
Depicter	Haircut Before After	Pro	Gutenberg Blocks	Default	https://depicter.com/template/haircut-before-after/6977/
Depicter	Handmade Ice Cream	Pro	Gutenberg Blocks	Default	https://depicter.com/template/handmade-ice-cream/4413/
Depicter	Handyman	Pro	Gutenberg Blocks	Default	https://depicter.com/template/handyman/6601/
Depicter	Healthy Restaurant	Pro	Gutenberg Blocks	Default	https://depicter.com/template/healthy-restaurant/2169/
Depicter	Home Architect	Pro	Gutenberg Blocks	Default	https://depicter.com/template/home-architect/8853/
Depicter	Home Magazine	Pro	Post Types	Grid	https://depicter.com/template/home-magazine/5252/
Depicter	Hotel	Pro	Gutenberg Blocks	Default	https://depicter.com/template/hotel/2912/
Depicter	Hotel Holiday	Pro	Gutenberg Blocks	Default	https://depicter.com/template/hotel-holiday/2485/
Depicter	Idea Agency	Pro	Gutenberg Blocks	Default	https://depicter.com/template/idea-agency/5267/
Depicter	Image Comparison Hair Care Hero	Pro	Gutenberg Blocks	Default	https://depicter.com/template/image-comparison-hair-care-hero/11314/
Depicter	Image Comparison Skin Care Hero	Pro	Gutenberg Blocks	Default	https://depicter.com/template/image-comparison-skin-care-hero/11312/
Depicter	Image Comparison Success Stories	Pro	Gutenberg Blocks	Carousel	https://depicter.com/template/image-comparison-success-stories/11306/
Depicter	Influencer	Pro	Gutenberg Blocks	Default	https://depicter.com/template/influencer/3405/
Depicter	Influencers	Pro	Gutenberg Blocks	Default	https://depicter.com/template/influencers/3018/
Depicter	Interior Before After	Pro	Gutenberg Blocks	Default	https://depicter.com/template/interior-before-after/7084/
Depicter	Interior Design 2	Pro	Gutenberg Blocks	Default	https://depicter.com/template/interior-design-2/885/
Depicter	Interior Designer	Pro	Gutenberg Blocks	Default	https://depicter.com/template/interior-designer/6078/
Depicter	IT Services	Pro	Gutenberg Blocks	Default	https://depicter.com/template/it-services/2170/
Depicter	Jewelry Gallery	Pro	Image	Grid	https://depicter.com/template/jewelry-gallery/3964/
Depicter	Jewelry Shop	Pro	Gutenberg Blocks	Default	https://depicter.com/template/jewelry-shop/2182/
Depicter	Job Finder	Pro	Gutenberg Blocks	Default	https://depicter.com/template/job-finder/3714/
Depicter	Kenburn Dance	Pro	Gutenberg Blocks	Default	https://depicter.com/template/kenburn-dance/3712/
Depicter	kenburn Restaurant	Pro	Gutenberg Blocks	Default	https://depicter.com/template/kenburn-restaurant/3418/
Depicter	Kenburn Vegan	Pro	Gutenberg Blocks	Default	https://depicter.com/template/kenburn-vegan/4219/
Depicter	Kenburns Education	Pro	Gutenberg Blocks	Default	https://depicter.com/template/kenburns-education/3587/
Depicter	Kindergarten	Pro	Gutenberg Blocks	Default	https://depicter.com/template/kindergarten/5088/
Depicter	Leader Blog	Pro	Post Types	Grid	https://depicter.com/template/leader-blog/3258/
Depicter	Learning	Pro	Gutenberg Blocks	Default	https://depicter.com/template/learning/2177/
Depicter	Life Coach	Pro	Gutenberg Blocks	Default	https://depicter.com/template/life-coach/6575/
Depicter	Lifestyle Product	Pro	Gutenberg Blocks	Default	https://depicter.com/template/lifestyle-product/11329/
Depicter	Limited-Time Offer Hero	Pro	Gutenberg Blocks	Default	https://depicter.com/template/limited-time-offer-hero/11251/
Depicter	Marketing Advisor	Pro	Gutenberg Blocks	Default	https://depicter.com/template/marketing-advisor/6065/
Depicter	Marketing Agency	Pro	Gutenberg Blocks	Default	https://depicter.com/template/marketing-agency/5928/
Depicter	Marketing Consulting	Pro	Gutenberg Blocks	Default	https://depicter.com/template/marketing-consulting/2174/
Depicter	Marketing Strategy	Pro	Gutenberg Blocks	Default	https://depicter.com/template/marketing-strategy/2172/
Depicter	Mechanic Before After	Pro	Gutenberg Blocks	Default	https://depicter.com/template/mechanic-before-after/7083/
Depicter	Medical Center	Pro	Gutenberg Blocks	Default	https://depicter.com/template/medical-center/5230/
Depicter	Midnight Cafe	Pro	Gutenberg Blocks	Default	https://depicter.com/template/midnight-cafe/5225/
Depicter	Minimal Shop	Pro	WooCommerce	Carousel	https://depicter.com/template/minimal-shop/2887/
Depicter	Minimal Shop (Static)	Pro	Gutenberg Blocks	Default	https://depicter.com/template/minimal-shop-static/3334/
Depicter	Modern Agency	Pro	Video	Default	https://depicter.com/template/modern-agency/3351/
Depicter	Modern Corporate	Pro	Gutenberg Blocks	Default	https://depicter.com/template/modern-corporate/2502/
Depicter	Modern Creative Agency	Pro	Gutenberg Blocks	Default	https://depicter.com/template/modern-creative-agency/3854/
Depicter	Multi Flash Sale	Pro	Gutenberg Blocks	Default	https://depicter.com/template/multi-flash-sale/11260/
Depicter	Music App	Pro	Gutenberg Blocks	Default	https://depicter.com/template/music-app/3962/
Depicter	My Dog	Pro	Gutenberg Blocks	Default	https://depicter.com/template/my-dog/5237/
Depicter	Nail Bar	Pro	Video	Default	https://depicter.com/template/nail-bar/6091/
Depicter	Natural Perfume	Pro	Gutenberg Blocks	Default	https://depicter.com/template/natural-perfume/8888/
Depicter	Nose Job	Pro	Gutenberg Blocks	Default	https://depicter.com/template/nose-job/8657/
Depicter	Ocean Business	Pro	Gutenberg Blocks	Default	https://depicter.com/template/ocean-business/2180/
Depicter	Offroad Car	Pro	Gutenberg Blocks	Default	https://depicter.com/template/offroad-car/3432/
Depicter	Onepage	Pro	Gutenberg Blocks	Default	https://depicter.com/template/onepage/6101/
Depicter	Painter	Pro	Gutenberg Blocks	Default	https://depicter.com/template/painter/3967/
Depicter	Painter Folio	Pro	Gutenberg Blocks	Default	https://depicter.com/template/painter-folio/5255/
Depicter	Pastry Video	Pro	Video	Default	https://depicter.com/template/pastry-video/4272/
Depicter	Payment	Pro	Gutenberg Blocks	Default	https://depicter.com/template/payment/2179/
Depicter	Perfume Shop	Pro	Gutenberg Blocks	Default	https://depicter.com/template/perfume-shop/6089/
Depicter	Pet Center	Pro	Gutenberg Blocks	Default	https://depicter.com/template/pet-center/3710/
Depicter	Photo Studio	Pro	Gutenberg Blocks	Default	https://depicter.com/template/photo-studio/6971/
Depicter	Photographer	Pro	Gutenberg Blocks	Default	https://depicter.com/template/photographer/5139/
Depicter	Photography Tools	Pro	Gutenberg Blocks	Default	https://depicter.com/template/photography-tools/8778/
Depicter	Plants Shop	Pro	WooCommerce	Carousel	https://depicter.com/template/plants-shop/2884/
Depicter	Pro Corporate	Pro	Gutenberg Blocks	Default	https://depicter.com/template/pro-corporate/8832/
Depicter	Product Details Split	Pro	Gutenberg Blocks	Default	https://depicter.com/template/product-details-split/11275/
Depicter	Reading Blog	Pro	Post Types	Grid	https://depicter.com/template/reading-blog/5270/
Depicter	Real Estate Agency (5037)	Pro	Gutenberg Blocks	Default	https://depicter.com/template/real-estate-agency/5037/
Depicter	Real Estate Agency (3989)	Pro	Gutenberg Blocks	Default	https://depicter.com/template/real-estate-agency/3989/
Depicter	Real Estate Business	Pro	Gutenberg Blocks	Default	https://depicter.com/template/real-estate-business/5015/
Depicter	Recipe Video	Pro	Social Feed	Grid	https://depicter.com/template/recipe-video/3751/
Depicter	School 2	Pro	Gutenberg Blocks	Default	https://depicter.com/template/school-2/5069/
Depicter	School Education	Pro	Gutenberg Blocks	Default	https://depicter.com/template/school-education/8866/
Depicter	School Lottie	Pro	Gutenberg Blocks	Default	https://depicter.com/template/school-lottie/8661/
Depicter	Seasonal Countdown Sale	Pro	Gutenberg Blocks	Default	https://depicter.com/template/seasonal-countdown-sale/11254/
Depicter	Shoe Shop	Pro	Gutenberg Blocks	Default	https://depicter.com/template/shoe-shop/4780/
Depicter	Shoe's Shop	Pro	WooCommerce	Carousel	https://depicter.com/template/shoes-shop/3004/
Depicter	Shoe's Shop (Static)	Pro	Gutenberg Blocks	Default	https://depicter.com/template/shoes-shop-static/3281/
Depicter	Shop Aquarium	Pro	Gutenberg Blocks	Default	https://depicter.com/template/shop-aquarium/5095/
Depicter	Shop Cards	Pro	WooCommerce	Carousel	https://depicter.com/template/shop-cards/2895/
Depicter	Simple Corporate	Pro	Gutenberg Blocks	Default	https://depicter.com/template/simple-corporate/4216/
Depicter	Skiing	Pro	Video	Default	https://depicter.com/template/skiing/3968/
Depicter	Skin Care	Pro	Gutenberg Blocks	Default	https://depicter.com/template/skin-care/2186/
Depicter	Skin Care Clinic	Pro	Gutenberg Blocks	Default	https://depicter.com/template/skin-care-clinic/6983/
Depicter	Skincare Shop	Pro	WooCommerce	Carousel	https://depicter.com/template/skincare-shop/6055/
Depicter	Sky Night Video	Pro	Social Feed	Grid	https://depicter.com/template/sky-night-video/3303/
Depicter	Social Media Assistant	Pro	Gutenberg Blocks	Default	https://depicter.com/template/social-media-assistant/6012/
Depicter	Solution Agency	Pro	Gutenberg Blocks	Default	https://depicter.com/template/solution-agency/3359/
Depicter	Spa Center	Pro	Gutenberg Blocks	Default	https://depicter.com/template/spa-center/8863/
Depicter	Spa Salon	Pro	Gutenberg Blocks	Default	https://depicter.com/template/spa-salon/2397/
Depicter	Split Flash Sale	Pro	Gutenberg Blocks	Default	https://depicter.com/template/split-flash-sale/11257/
Depicter	Sport Magazine	Pro	Post Types	Grid	https://depicter.com/template/sport-magazine/5078/
Depicter	Sports Animative	Pro	Gutenberg Blocks	Default	https://depicter.com/template/sports-animative/9762/
Depicter	Startup Innovation	Pro	Gutenberg Blocks	Default	https://depicter.com/template/startup-innovation/6029/
Depicter	Startup Team (2193)	Pro	Gutenberg Blocks	Default	https://depicter.com/template/startup-team/2193/
Depicter	Startup Team (2542)	Pro	Gutenberg Blocks	Default	https://depicter.com/template/startup-team/2542/
Depicter	Style Designer	Pro	Gutenberg Blocks	Default	https://depicter.com/template/style-designer/2416/
Depicter	Stylish	Pro	Gutenberg Blocks	Default	https://depicter.com/template/stylish/5264/
Depicter	Summer Adventures	Pro	Gutenberg Blocks	Default	https://depicter.com/template/summer-adventures/8620/
Depicter	Summer Shop	Pro	WooCommerce	Carousel	https://depicter.com/template/summer-shop/5127/
Depicter	Tailor	Pro	Video	Default	https://depicter.com/template/tailor/980/
Depicter	Tattoo Artist	Pro	Gutenberg Blocks	Default	https://depicter.com/template/tattoo-artist/4260/
Depicter	Teamwork	Pro	Gutenberg Blocks	Default	https://depicter.com/template/teamwork/2426/
Depicter	Tech Agency	Pro	Video	Default	https://depicter.com/template/tech-agency/994/
Depicter	Testimonial 1	Pro	Gutenberg Blocks	Carousel	https://depicter.com/template/testimonial-1/2183/
Depicter	Testimonial 2	Pro	Gutenberg Blocks	Carousel	https://depicter.com/template/testimonial-2/2488/
Depicter	Testimonial 3	Pro	Gutenberg Blocks	Carousel	https://depicter.com/template/testimonial-3/2489/
Depicter	Testimonial 4	Pro	Gutenberg Blocks	Carousel	https://depicter.com/template/testimonial-4/2490/
Depicter	Testimonial 5	Pro	Gutenberg Blocks	Carousel	https://depicter.com/template/testimonial-5/2491/
Depicter	Testimonial 6	Pro	Gutenberg Blocks	Carousel	https://depicter.com/template/testimonial-6/5018/
Depicter	The Architect	Pro	Gutenberg Blocks	Default	https://depicter.com/template/the-architect/1271/
Depicter	Today Real Estate	Pro	Gutenberg Blocks	Default	https://depicter.com/template/today-real-estate/4475/
Depicter	Tour Agency	Pro	Gutenberg Blocks	Default	https://depicter.com/template/tour-agency/5063/
Depicter	Travel Animative	Pro	Video	Default	https://depicter.com/template/travel-animative/9852/
Depicter	Travel Blog	Pro	Post Types	Carousel	https://depicter.com/template/travel-blog/7879/
Depicter	Travel Form	Pro	Gutenberg Blocks	Default	https://depicter.com/template/travel-form/8377/
Depicter	Travel Tips	Pro	Gutenberg Blocks	Default	https://depicter.com/template/travel-tips/6102/
Depicter	Travel Tour	Pro	Social Feed	Grid	https://depicter.com/template/travel-tour/4491/
Depicter	Trend Music	Pro	Gutenberg Blocks	Default	https://depicter.com/template/trend-music/4300/
Depicter	Trip Summery	Pro	Gutenberg Blocks	Default	https://depicter.com/template/trip-summery/5102/
Depicter	TV Series	Pro	Social Feed	Grid	https://depicter.com/template/tv-series/5091/
Depicter	Watch Shop (2194)	Pro	Gutenberg Blocks	Default	https://depicter.com/template/watch-shop/2194/
Depicter	Watch Shop (2908)	Pro	WooCommerce	Carousel	https://depicter.com/template/watch-shop/2908/
Depicter	Watch Shop (Static)	Pro	Gutenberg Blocks	Default	https://depicter.com/template/watch-shop-static/3328/
Depicter	Web Design	Pro	Video	Default	https://depicter.com/template/web-design/3549/
Depicter	Wedding Blog	Pro	Post Types	Grid	https://depicter.com/template/wedding-blog/6070/
Depicter	Wedding Kenburn	Pro	Gutenberg Blocks	Default	https://depicter.com/template/wedding-kenburn/5047/
Depicter	Winter Shop	Pro	WooCommerce	Carousel	https://depicter.com/template/winter-shop/5131/
Depicter	Woocommerce Shoe Shop	Pro	WooCommerce	Carousel	https://depicter.com/template/woocommerce-shoe-shop/5957/
Depicter	Writer	Pro	Gutenberg Blocks	Default	https://depicter.com/template/writer/5060/
Depicter	Yellow Architecture	Pro	Gutenberg Blocks	Default	https://depicter.com/template/yellow-architecture/5219/
Depicter	YouTube Background Video	Pro	Social Feed	Grid	https://depicter.com/template/youtube-background-video/3715/
